date;close;company
02/01/2015;55.8;IVVB11
05/01/2015;55.75;IVVB11
06/01/2015;54.85;IVVB11
07/01/2015;55.17;IVVB11
08/01/2015;55.8;IVVB11
09/01/2015;54.75;IVVB11
12/01/2015;54.85;IVVB11
13/01/2015;54;IVVB11
14/01/2015;53.1;IVVB11
15/01/2015;53.57;IVVB11
16/01/2015;53.45;IVVB11
19/01/2015;53.82;IVVB11
20/01/2015;53.32;IVVB11
21/01/2015;53.58;IVVB11
22/01/2015;53.4;IVVB11
23/01/2015;53.93;IVVB11
26/01/2015;53.8;IVVB11
27/01/2015;53.14;IVVB11
28/01/2015;53.2;IVVB11
29/01/2015;53.36;IVVB11
30/01/2015;54.7;IVVB11
02/02/2015;54.33;IVVB11
03/02/2015;55.72;IVVB11
04/02/2015;57.03;IVVB11
05/02/2015;57.34;IVVB11
06/02/2015;58.16;IVVB11
09/02/2015;57.8;IVVB11
10/02/2015;59.22;IVVB11
11/02/2015;60.23;IVVB11
12/02/2015;59.78;IVVB11
13/02/2015;60.11;IVVB11
16/02/2015;60.11;IVVB11
17/02/2015;60.11;IVVB11
18/02/2015;60.33;IVVB11
19/02/2015;61.19;IVVB11
20/02/2015;61.54;IVVB11
20/02/2015;61.54;IVVB11
23/02/2015;61.4;IVVB11
24/02/2015;60.99;IVVB11
25/02/2015;61.74;IVVB11
26/02/2015;61.85;IVVB11
27/02/2015;61.05;IVVB11
02/03/2015;62.23;IVVB11
03/03/2015;62.54;IVVB11
04/03/2015;63.64;IVVB11
05/03/2015;64.44;IVVB11
06/03/2015;64.36;IVVB11
09/03/2015;66.27;IVVB11
10/03/2015;64.8;IVVB11
11/03/2015;64.84;IVVB11
12/03/2015;66.37;IVVB11
13/03/2015;67.74;IVVB11
16/03/2015;68.71;IVVB11
17/03/2015;68.69;IVVB11
18/03/2015;68.35;IVVB11
19/03/2015;70.2;IVVB11
20/03/2015;69.42;IVVB11
23/03/2015;67.35;IVVB11
24/03/2015;66.55;IVVB11
25/03/2015;66.86;IVVB11
26/03/2015;66.75;IVVB11
27/03/2015;67.78;IVVB11
30/03/2015;68.48;IVVB11
31/03/2015;66.94;IVVB11
01/04/2015;66.45;IVVB11
02/04/2015;65.69;IVVB11
03/04/2015;65.69;IVVB11
06/04/2015;66.05;IVVB11
07/04/2015;66.17;IVVB11
08/04/2015;64.67;IVVB11
09/04/2015;65;IVVB11
10/04/2015;65.77;IVVB11
13/04/2015;66.5;IVVB11
14/04/2015;65.28;IVVB11
15/04/2015;65.81;IVVB11
16/04/2015;64.64;IVVB11
17/04/2015;64.34;IVVB11
20/04/2015;64.79;IVVB11
21/04/2015;64.79;IVVB11
22/04/2015;64.5;IVVB11
23/04/2015;64.08;IVVB11
24/04/2015;63.78;IVVB11
24/04/2015;63.78;IVVB11
27/04/2015;62.71;IVVB11
28/04/2015;63.23;IVVB11
29/04/2015;63.49;IVVB11
29/04/2015;63.02;IVVB11
30/04/2015;63.91;IVVB11
01/05/2015;63.91;IVVB11
04/05/2015;66.33;IVVB11
05/05/2015;65.21;IVVB11
06/05/2015;64.5;IVVB11
07/05/2015;64.35;IVVB11
08/05/2015;64.18;IVVB11
11/05/2015;65.45;IVVB11
12/05/2015;64.53;IVVB11
13/05/2015;64.94;IVVB11
14/05/2015;64.7;IVVB11
15/05/2015;64.79;IVVB11
18/05/2015;65.41;IVVB11
19/05/2015;66;IVVB11
20/05/2015;65.12;IVVB11
21/05/2015;66.1;IVVB11
22/05/2015;67.16;IVVB11
25/05/2015;67.51;IVVB11
26/05/2015;67.54;IVVB11
27/05/2015;68.19;IVVB11
28/05/2015;68.38;IVVB11
29/05/2015;68.49;IVVB11
01/06/2015;68.21;IVVB11
02/06/2015;67.5;IVVB11
03/06/2015;67.64;IVVB11
04/06/2015;67.64;IVVB11
05/06/2015;67.34;IVVB11
08/06/2015;65.99;IVVB11
09/06/2015;65.76;IVVB11
10/06/2015;66.92;IVVB11
11/06/2015;66.7;IVVB11
12/06/2015;66.73;IVVB11
15/06/2015;66.62;IVVB11
16/06/2015;66.28;IVVB11
17/06/2015;65.62;IVVB11
18/06/2015;66.18;IVVB11
19/06/2015;66.9;IVVB11
22/06/2015;66.87;IVVB11
23/06/2015;66.65;IVVB11
24/06/2015;66.56;IVVB11
25/06/2015;66.66;IVVB11
26/06/2015;67.1;IVVB11
29/06/2015;65.51;IVVB11
30/06/2015;65.5;IVVB11
01/07/2015;66.7;IVVB11
02/07/2015;65.58;IVVB11
03/07/2015;66.9;IVVB11
06/07/2015;66.39;IVVB11
07/07/2015;67.63;IVVB11
08/07/2015;67.6;IVVB11
09/07/2015;67.6;IVVB11
10/07/2015;67.11;IVVB11
13/07/2015;66.53;IVVB11
14/07/2015;67.6;IVVB11
15/07/2015;67.44;IVVB11
16/07/2015;68.25;IVVB11
17/07/2015;69.3;IVVB11
20/07/2015;68.4;IVVB11
21/07/2015;68.63;IVVB11
22/07/2015;69.6;IVVB11
23/07/2015;70.6;IVVB11
24/07/2015;71;IVVB11
27/07/2015;70.9;IVVB11
28/07/2015;72.04;IVVB11
29/07/2015;71.6;IVVB11
30/07/2015;72.6;IVVB11
31/07/2015;73.46;IVVB11
03/08/2015;73.68;IVVB11
04/08/2015;73.91;IVVB11
05/08/2015;74.74;IVVB11
06/08/2015;75.33;IVVB11
07/08/2015;74.48;IVVB11
10/08/2015;73.88;IVVB11
11/08/2015;74.5;IVVB11
12/08/2015;74.07;IVVB11
13/08/2015;74.9;IVVB11
14/08/2015;74.52;IVVB11
17/08/2015;74.84;IVVB11
18/08/2015;74.2;IVVB11
19/08/2015;74.24;IVVB11
20/08/2015;72.27;IVVB11
21/08/2015;70.67;IVVB11
24/08/2015;69;IVVB11
25/08/2015;70;IVVB11
26/08/2015;71.63;IVVB11
27/08/2015;72.31;IVVB11
28/08/2015;72.88;IVVB11
31/08/2015;73.1;IVVB11
01/09/2015;72.14;IVVB11
02/09/2015;74.88;IVVB11
03/09/2015;75;IVVB11
04/09/2015;76.21;IVVB11
07/09/2015;76.21;IVVB11
08/09/2015;76.93;IVVB11
09/09/2015;75.54;IVVB11
10/09/2015;77.5;IVVB11
11/09/2015;77.73;IVVB11
14/09/2015;76.27;IVVB11
15/09/2015;78.43;IVVB11
16/09/2015;78.33;IVVB11
17/09/2015;79.12;IVVB11
18/09/2015;79.15;IVVB11
21/09/2015;80.1;IVVB11
22/09/2015;80.68;IVVB11
23/09/2015;82.61;IVVB11
24/09/2015;78.47;IVVB11
25/09/2015;78.33;IVVB11
28/09/2015;79;IVVB11
29/09/2015;78.2;IVVB11
30/09/2015;78;IVVB11
01/10/2015;78.64;IVVB11
02/10/2015;78.6;IVVB11
05/10/2015;79.4;IVVB11
06/10/2015;77.5;IVVB11
07/10/2015;79;IVVB11
08/10/2015;78.5;IVVB11
09/10/2015;78;IVVB11
12/10/2015;78;IVVB11
13/10/2015;79.56;IVVB11
14/10/2015;78.35;IVVB11
15/10/2015;80.21;IVVB11
16/10/2015;80.65;IVVB11
19/10/2015;81;IVVB11
20/10/2015;80;IVVB11
21/10/2015;82;IVVB11
22/10/2015;82.2;IVVB11
23/10/2015;82.8;IVVB11
26/10/2015;83.2;IVVB11
27/10/2015;82.63;IVVB11
28/10/2015;83.5;IVVB11
29/10/2015;82.48;IVVB11
30/10/2015;82.4;IVVB11
02/11/2015;82.4;IVVB11
03/11/2015;81.7;IVVB11
04/11/2015;81.85;IVVB11
05/11/2015;81.2;IVVB11
06/11/2015;80.92;IVVB11
09/11/2015;80.77;IVVB11
10/11/2015;80.63;IVVB11
11/11/2015;80.42;IVVB11
12/11/2015;79.63;IVVB11
13/11/2015;80.01;IVVB11
16/11/2015;80;IVVB11
17/11/2015;80.7;IVVB11
18/11/2015;80.41;IVVB11
19/11/2015;79.8;IVVB11
20/11/2015;79.8;IVVB11
23/11/2015;80;IVVB11
24/11/2015;79.48;IVVB11
25/11/2015;80.65;IVVB11
26/11/2015;80.69;IVVB11
27/11/2015;81.4;IVVB11
30/11/2015;83.44;IVVB11
01/12/2015;82.89;IVVB11
02/12/2015;82.16;IVVB11
03/12/2015;79.05;IVVB11
04/12/2015;80.34;IVVB11
07/12/2015;80;IVVB11
08/12/2015;81;IVVB11
09/12/2015;79;IVVB11
10/12/2015;80.29;IVVB11
11/12/2015;80.49;IVVB11
14/12/2015;80.27;IVVB11
15/12/2015;81.75;IVVB11
16/12/2015;83.13;IVVB11
17/12/2015;82.23;IVVB11
18/12/2015;81.97;IVVB11
18/12/2015;81.97;IVVB11
21/12/2015;83.07;IVVB11
22/12/2015;83.65;IVVB11
23/12/2015;83.65;IVVB11
24/12/2015;83.65;IVVB11
25/12/2015;83.65;IVVB11
28/12/2015;81.5;IVVB11
29/12/2015;82.54;IVVB11
30/12/2015;83.8;IVVB11
31/12/2015;83.8;IVVB11
01/01/2016;83.8;IVVB11
04/01/2016;83.11;IVVB11
05/01/2016;83;IVVB11
06/01/2016;82.1;IVVB11
07/01/2016;81;IVVB11
08/01/2016;80;IVVB11
08/01/2016;80;IVVB11
11/01/2016;79.4;IVVB11
12/01/2016;79.92;IVVB11
12/01/2016;79.92;IVVB11
13/01/2016;78.66;IVVB11
14/01/2016;79.29;IVVB11
15/01/2016;78;IVVB11
18/01/2016;78.9;IVVB11
18/01/2016;78.9;IVVB11
19/01/2016;78.5;IVVB11
20/01/2016;77.5;IVVB11
20/01/2016;77.5;IVVB11
21/01/2016;79.66;IVVB11
22/01/2016;80.15;IVVB11
25/01/2016;80.15;IVVB11
26/01/2016;79.03;IVVB11
27/01/2016;78.53;IVVB11
28/01/2016;79.21;IVVB11
29/01/2016;79.24;IVVB11
01/02/2016;79.23;IVVB11
01/02/2016;79.23;IVVB11
02/02/2016;77.9;IVVB11
03/02/2016;76.1;IVVB11
03/02/2016;76.1;IVVB11
04/02/2016;76.08;IVVB11
05/02/2016;75.17;IVVB11
08/02/2016;75.17;IVVB11
09/02/2016;75.17;IVVB11
10/02/2016;75.33;IVVB11
11/02/2016;75;IVVB11
12/02/2016;76.65;IVVB11
12/02/2016;76.65;IVVB11
15/02/2016;78.2;IVVB11
16/02/2016;79.25;IVVB11
17/02/2016;79;IVVB11
18/02/2016;80;IVVB11
19/02/2016;79.22;IVVB11
19/02/2016;79.22;IVVB11
22/02/2016;79;IVVB11
23/02/2016;78.17;IVVB11
24/02/2016;78.58;IVVB11
25/02/2016;79.52;IVVB11
26/02/2016;80.32;IVVB11
29/02/2016;80.02;IVVB11
01/03/2016;79.98;IVVB11
02/03/2016;79.65;IVVB11
03/03/2016;77.89;IVVB11
04/03/2016;77.42;IVVB11
07/03/2016;78.03;IVVB11
08/03/2016;76.83;IVVB11
09/03/2016;75.49;IVVB11
10/03/2016;74.2;IVVB11
11/03/2016;74.6;IVVB11
14/03/2016;75.97;IVVB11
15/03/2016;78.1;IVVB11
16/03/2016;78.26;IVVB11
17/03/2016;76.73;IVVB11
18/03/2016;75.67;IVVB11
21/03/2016;76.52;IVVB11
22/03/2016;76.01;IVVB11
23/03/2016;76.54;IVVB11
24/03/2016;77.08;IVVB11
25/03/2016;77.08;IVVB11
28/03/2016;76.1;IVVB11
29/03/2016;76.95;IVVB11
30/03/2016;76.81;IVVB11
31/03/2016;76.15;IVVB11
01/04/2016;75.97;IVVB11
04/04/2016;76.88;IVVB11
05/04/2016;77.39;IVVB11
06/04/2016;77.51;IVVB11
07/04/2016;77.45;IVVB11
08/04/2016;75.81;IVVB11
11/04/2016;73.92;IVVB11
12/04/2016;74.14;IVVB11
13/04/2016;77;IVVB11
14/04/2016;74.64;IVVB11
15/04/2016;73.02;IVVB11
18/04/2016;79.38;IVVB11
19/04/2016;76.27;IVVB11
20/04/2016;76.38;IVVB11
21/04/2016;76.38;IVVB11
22/04/2016;76.75;IVVB11
25/04/2016;76.23;IVVB11
26/04/2016;75.85;IVVB11
27/04/2016;76.02;IVVB11
28/04/2016;74.63;IVVB11
29/04/2016;73.07;IVVB11
02/05/2016;74.89;IVVB11
03/05/2016;75.74;IVVB11
04/05/2016;74.85;IVVB11
05/05/2016;74.84;IVVB11
06/05/2016;74.16;IVVB11
09/05/2016;74.52;IVVB11
10/05/2016;73.35;IVVB11
11/05/2016;73.32;IVVB11
12/05/2016;74;IVVB11
13/05/2016;74.31;IVVB11
16/05/2016;74.62;IVVB11
17/05/2016;73.66;IVVB11
18/05/2016;75.21;IVVB11
19/05/2016;74.97;IVVB11
20/05/2016;74.52;IVVB11
23/05/2016;75.49;IVVB11
24/05/2016;76.6;IVVB11
25/05/2016;77.43;IVVB11
26/05/2016;77.43;IVVB11
27/05/2016;78.2;IVVB11
30/05/2016;78.5;IVVB11
31/05/2016;78.15;IVVB11
01/06/2016;77.77;IVVB11
02/06/2016;77.81;IVVB11
03/06/2016;76.38;IVVB11
06/06/2016;76.02;IVVB11
07/06/2016;75.15;IVVB11
08/06/2016;73.75;IVVB11
09/06/2016;74.19;IVVB11
10/06/2016;74.23;IVVB11
13/06/2016;74.74;IVVB11
14/06/2016;74.6;IVVB11
15/06/2016;74.21;IVVB11
16/06/2016;74.49;IVVB11
17/06/2016;73.16;IVVB11
20/06/2016;73.24;IVVB11
21/06/2016;73.43;IVVB11
22/06/2016;72.74;IVVB11
23/06/2016;72.84;IVVB11
24/06/2016;70.87;IVVB11
27/06/2016;69.93;IVVB11
28/06/2016;69.41;IVVB11
29/06/2016;69.16;IVVB11
30/06/2016;69.48;IVVB11
01/07/2016;70.07;IVVB11
04/07/2016;69.65;IVVB11
05/07/2016;71.12;IVVB11
06/07/2016;72.2;IVVB11
08/07/2016;72.47;IVVB11
11/07/2016;73.02;IVVB11
12/07/2016;73.15;IVVB11
13/07/2016;72.65;IVVB11
14/07/2016;72.79;IVVB11
15/07/2016;73;IVVB11
18/07/2016;72.7;IVVB11
19/07/2016;72.71;IVVB11
20/07/2016;72.87;IVVB11
21/07/2016;73.35;IVVB11
22/07/2016;73.15;IVVB11
25/07/2016;73.57;IVVB11
27/07/2016;73.13;IVVB11
28/07/2016;73.93;IVVB11
29/07/2016;72.75;IVVB11
01/08/2016;73.2;IVVB11
02/08/2016;72.7;IVVB11
03/08/2016;72.37;IVVB11
04/08/2016;71.38;IVVB11
08/08/2016;71.25;IVVB11
09/08/2016;70.9;IVVB11
10/08/2016;70.3;IVVB11
11/08/2016;70.9;IVVB11
12/08/2016;71.84;IVVB11
15/08/2016;72.24;IVVB11
17/08/2016;72.28;IVVB11
18/08/2016;73.12;IVVB11
19/08/2016;72.34;IVVB11
22/08/2016;72.29;IVVB11
23/08/2016;73.03;IVVB11
24/08/2016;72.56;IVVB11
25/08/2016;72.47;IVVB11
26/08/2016;73.29;IVVB11
29/08/2016;72.99;IVVB11
30/08/2016;72.89;IVVB11
31/08/2016;72.55;IVVB11
01/09/2016;72.93;IVVB11
02/09/2016;73.21;IVVB11
05/09/2016;73.22;IVVB11
06/09/2016;72.57;IVVB11
08/09/2016;72.66;IVVB11
09/09/2016;72.33;IVVB11
12/09/2016;72.53;IVVB11
13/09/2016;73.11;IVVB11
14/09/2016;73.62;IVVB11
15/09/2016;73.52;IVVB11
16/09/2016;72.33;IVVB11
19/09/2016;72.68;IVVB11
20/09/2016;72.19;IVVB11
21/09/2016;71.78;IVVB11
22/09/2016;72.66;IVVB11
23/09/2016;72.63;IVVB11
26/09/2016;72.08;IVVB11
27/09/2016;72.21;IVVB11
28/09/2016;72.38;IVVB11
29/09/2016;72.43;IVVB11
30/09/2016;72.67;IVVB11
03/10/2016;71.38;IVVB11
04/10/2016;72.2;IVVB11
05/10/2016;71.68;IVVB11
06/10/2016;71.93;IVVB11
07/10/2016;71.6;IVVB11
10/10/2016;71.64;IVVB11
11/10/2016;70.6;IVVB11
13/10/2016;70.1;IVVB11
14/10/2016;70.61;IVVB11
17/10/2016;70.41;IVVB11
18/10/2016;70.49;IVVB11
19/10/2016;70.15;IVVB11
20/10/2016;69.6;IVVB11
21/10/2016;69.8;IVVB11
24/10/2016;69.43;IVVB11
25/10/2016;68.95;IVVB11
26/10/2016;69.43;IVVB11
27/10/2016;69.8;IVVB11
28/10/2016;70.37;IVVB11
31/10/2016;70.3;IVVB11
01/11/2016;70.53;IVVB11
03/11/2016;70.02;IVVB11
04/11/2016;69.85;IVVB11
07/11/2016;70.5;IVVB11
08/11/2016;70.08;IVVB11
09/11/2016;72.25;IVVB11
10/11/2016;76.25;IVVB11
11/11/2016;75.86;IVVB11
14/11/2016;76.8;IVVB11
16/11/2016;77.2;IVVB11
17/11/2016;77.35;IVVB11
18/11/2016;76.4;IVVB11
21/11/2016;76.22;IVVB11
22/11/2016;76.52;IVVB11
23/11/2016;77.3;IVVB11
24/11/2016;77.3;IVVB11
25/11/2016;78.07;IVVB11
28/11/2016;77.53;IVVB11
29/11/2016;77.84;IVVB11
30/11/2016;77.36;IVVB11
01/12/2016;78.74;IVVB11
02/12/2016;79.07;IVVB11
05/12/2016;78.3;IVVB11
06/12/2016;78.28;IVVB11
07/12/2016;78.72;IVVB11
08/12/2016;78.7;IVVB11
09/12/2016;79.18;IVVB11
12/12/2016;78.2;IVVB11
13/12/2016;78.75;IVVB11
14/12/2016;79.23;IVVB11
15/12/2016;79.15;IVVB11
16/12/2016;79.5;IVVB11
19/12/2016;79.13;IVVB11
20/12/2016;78.98;IVVB11
21/12/2016;78.05;IVVB11
22/12/2016;77.05;IVVB11
23/12/2016;76.71;IVVB11
26/12/2016;78.2;IVVB11
27/12/2016;77.01;IVVB11
28/12/2016;76.41;IVVB11
29/12/2016;75.96;IVVB11
02/01/2017;78.64;IVVB11
03/01/2017;76.25;IVVB11
04/01/2017;75.94;IVVB11
05/01/2017;75.26;IVVB11
06/01/2017;76.3;IVVB11
09/01/2017;75.44;IVVB11
10/01/2017;75.24;IVVB11
11/01/2017;75.29;IVVB11
12/01/2017;75.1;IVVB11
13/01/2017;75.84;IVVB11
16/01/2017;76.93;IVVB11
17/01/2017;75.51;IVVB11
18/01/2017;75.81;IVVB11
19/01/2017;75.25;IVVB11
20/01/2017;74.8;IVVB11
23/01/2017;74.33;IVVB11
24/01/2017;75.03;IVVB11
26/01/2017;75.8;IVVB11
27/01/2017;74.81;IVVB11
30/01/2017;73.92;IVVB11
31/01/2017;74.36;IVVB11
01/02/2017;74.04;IVVB11
02/02/2017;73.83;IVVB11
03/02/2017;74.44;IVVB11
06/02/2017;74.23;IVVB11
07/02/2017;74.37;IVVB11
08/02/2017;74.31;IVVB11
09/02/2017;75.11;IVVB11
10/02/2017;74.9;IVVB11
13/02/2017;75.21;IVVB11
14/02/2017;74.82;IVVB11
15/02/2017;74.68;IVVB11
16/02/2017;75.27;IVVB11
17/02/2017;75.5;IVVB11
20/02/2017;75.99;IVVB11
21/02/2017;76.25;IVVB11
22/02/2017;75.28;IVVB11
23/02/2017;75.2;IVVB11
24/02/2017;76.45;IVVB11
01/03/2017;77.15;IVVB11
02/03/2017;78.19;IVVB11
03/03/2017;77.4;IVVB11
06/03/2017;77.69;IVVB11
07/03/2017;76.7;IVVB11
08/03/2017;78.04;IVVB11
09/03/2017;78.76;IVVB11
10/03/2017;77.65;IVVB11
13/03/2017;77.83;IVVB11
14/03/2017;78.16;IVVB11
15/03/2017;77.4;IVVB11
16/03/2017;77.3;IVVB11
17/03/2017;76.95;IVVB11
20/03/2017;76;IVVB11
21/03/2017;75.4;IVVB11
22/03/2017;75.83;IVVB11
23/03/2017;76.6;IVVB11
24/03/2017;76.4;IVVB11
27/03/2017;76.2;IVVB11
28/03/2017;77.1;IVVB11
29/03/2017;76.6;IVVB11
30/03/2017;77.4;IVVB11
31/03/2017;76.5;IVVB11
03/04/2017;76.46;IVVB11
04/04/2017;76.09;IVVB11
05/04/2017;76.3;IVVB11
06/04/2017;77.15;IVVB11
07/04/2017;77.29;IVVB11
10/04/2017;77.09;IVVB11
11/04/2017;77;IVVB11
12/04/2017;76.6;IVVB11
13/04/2017;76.36;IVVB11
17/04/2017;75.97;IVVB11
18/04/2017;76.05;IVVB11
19/04/2017;76.72;IVVB11
20/04/2017;77.35;IVVB11
24/04/2017;77.4;IVVB11
25/04/2017;78.43;IVVB11
26/04/2017;78.83;IVVB11
27/04/2017;79.22;IVVB11
28/04/2017;78.9;IVVB11
02/05/2017;78.43;IVVB11
03/05/2017;78.61;IVVB11
04/05/2017;79.3;IVVB11
05/05/2017;79.29;IVVB11
08/05/2017;79.75;IVVB11
09/05/2017;79.59;IVVB11
10/05/2017;79.08;IVVB11
11/05/2017;78.56;IVVB11
12/05/2017;77.81;IVVB11
15/05/2017;77.82;IVVB11
16/05/2017;77.55;IVVB11
17/05/2017;76.9;IVVB11
18/05/2017;83.5;IVVB11
19/05/2017;80.7;IVVB11
22/05/2017;81.51;IVVB11
23/05/2017;81.65;IVVB11
24/05/2017;82.42;IVVB11
25/05/2017;82.44;IVVB11
26/05/2017;82.36;IVVB11
29/05/2017;84;IVVB11
30/05/2017;82.11;IVVB11
31/05/2017;81.36;IVVB11
01/06/2017;82.25;IVVB11
02/06/2017;82.67;IVVB11
05/06/2017;83.65;IVVB11
06/06/2017;83.13;IVVB11
07/06/2017;83.11;IVVB11
08/06/2017;82.85;IVVB11
09/06/2017;83.45;IVVB11
12/06/2017;83.91;IVVB11
13/06/2017;84.22;IVVB11
14/06/2017;83.51;IVVB11
16/06/2017;83.59;IVVB11
19/06/2017;84.3;IVVB11
20/06/2017;84.85;IVVB11
21/06/2017;84.83;IVVB11
22/06/2017;84.9;IVVB11
23/06/2017;84.95;IVVB11
26/06/2017;84;IVVB11
27/06/2017;83.7;IVVB11
28/06/2017;83.67;IVVB11
29/06/2017;83.47;IVVB11
30/06/2017;83.9;IVVB11
03/07/2017;85;IVVB11
04/07/2017;86.49;IVVB11
05/07/2017;83.61;IVVB11
06/07/2017;83.06;IVVB11
07/07/2017;83.15;IVVB11
10/07/2017;82.55;IVVB11
11/07/2017;82.29;IVVB11
12/07/2017;81.93;IVVB11
13/07/2017;81.9;IVVB11
14/07/2017;81.66;IVVB11
17/07/2017;81.75;IVVB11
18/07/2017;81.1;IVVB11
19/07/2017;81.36;IVVB11
20/07/2017;80.94;IVVB11
21/07/2017;81.14;IVVB11
24/07/2017;81.3;IVVB11
25/07/2017;81.89;IVVB11
26/07/2017;81.4;IVVB11
27/07/2017;81.4;IVVB11
28/07/2017;80.96;IVVB11
31/07/2017;80.55;IVVB11
01/08/2017;80.86;IVVB11
02/08/2017;80.77;IVVB11
03/08/2017;80.5;IVVB11
04/08/2017;80.94;IVVB11
07/08/2017;80.92;IVVB11
08/08/2017;80.98;IVVB11
09/08/2017;81.53;IVVB11
10/08/2017;80.95;IVVB11
11/08/2017;81.1;IVVB11
14/08/2017;82.24;IVVB11
15/08/2017;81.85;IVVB11
16/08/2017;81.27;IVVB11
17/08/2017;80.81;IVVB11
18/08/2017;79.8;IVVB11
21/08/2017;80.52;IVVB11
22/08/2017;81.38;IVVB11
23/08/2017;80.3;IVVB11
24/08/2017;80.4;IVVB11
25/08/2017;80.74;IVVB11
28/08/2017;80.9;IVVB11
29/08/2017;81.08;IVVB11
30/08/2017;81.35;IVVB11
31/08/2017;81.35;IVVB11
01/09/2017;81.59;IVVB11
04/09/2017;81.65;IVVB11
05/09/2017;80.22;IVVB11
06/09/2017;80.25;IVVB11
08/09/2017;79.87;IVVB11
11/09/2017;80.83;IVVB11
12/09/2017;81.83;IVVB11
13/09/2017;81.93;IVVB11
14/09/2017;81.4;IVVB11
15/09/2017;81.55;IVVB11
18/09/2017;82.18;IVVB11
19/09/2017;82.24;IVVB11
20/09/2017;82.32;IVVB11
21/09/2017;82.21;IVVB11
22/09/2017;81.86;IVVB11
25/09/2017;82.46;IVVB11
26/09/2017;82.68;IVVB11
27/09/2017;83.75;IVVB11
28/09/2017;83.5;IVVB11
29/09/2017;83.45;IVVB11
02/10/2017;83.53;IVVB11
03/10/2017;83.36;IVVB11
04/10/2017;83.06;IVVB11
05/10/2017;84.09;IVVB11
06/10/2017;84.1;IVVB11
09/10/2017;84.79;IVVB11
10/10/2017;84.88;IVVB11
11/10/2017;84.69;IVVB11
13/10/2017;84.1;IVVB11
16/10/2017;84.81;IVVB11
17/10/2017;84.6;IVVB11
18/10/2017;85.06;IVVB11
19/10/2017;84.95;IVVB11
20/10/2017;86.02;IVVB11
24/10/2017;87.25;IVVB11
25/10/2017;86.51;IVVB11
26/10/2017;88.26;IVVB11
27/10/2017;87.33;IVVB11
30/10/2017;88.25;IVVB11
31/10/2017;88.06;IVVB11
01/11/2017;88.1;IVVB11
03/11/2017;89.65;IVVB11
06/11/2017;88.35;IVVB11
07/11/2017;88.8;IVVB11
08/11/2017;88.38;IVVB11
09/11/2017;87.8;IVVB11
10/11/2017;88.95;IVVB11
13/11/2017;88.65;IVVB11
14/11/2017;89.55;IVVB11
16/11/2017;88.95;IVVB11
17/11/2017;88.35;IVVB11
21/11/2017;88.73;IVVB11
22/11/2017;87.89;IVVB11
23/11/2017;88.93;IVVB11
24/11/2017;88;IVVB11
27/11/2017;88.1;IVVB11
28/11/2017;88.49;IVVB11
29/11/2017;89;IVVB11
30/11/2017;90.5;IVVB11
01/12/2017;90.11;IVVB11
04/12/2017;90.15;IVVB11
05/12/2017;89.6;IVVB11
06/12/2017;89.45;IVVB11
07/12/2017;91.11;IVVB11
08/12/2017;91.47;IVVB11
11/12/2017;92.12;IVVB11
12/12/2017;92.85;IVVB11
13/12/2017;92.99;IVVB11
14/12/2017;93.02;IVVB11
15/12/2017;92.95;IVVB11
18/12/2017;93.05;IVVB11
19/12/2017;92.55;IVVB11
20/12/2017;92.66;IVVB11
21/12/2017;93.27;IVVB11
22/12/2017;93.95;IVVB11
26/12/2017;93.05;IVVB11
27/12/2017;93.28;IVVB11
28/12/2017;93.55;IVVB11
02/01/2018;92.12;IVVB11
03/01/2018;92.1;IVVB11
04/01/2018;92.42;IVVB11
05/01/2018;92.8;IVVB11
08/01/2018;93.36;IVVB11
09/01/2018;93.95;IVVB11
10/01/2018;93.28;IVVB11
11/01/2018;93.25;IVVB11
12/01/2018;93.7;IVVB11
15/01/2018;95.11;IVVB11
16/01/2018;94.09;IVVB11
17/01/2018;94.95;IVVB11
18/01/2018;94.5;IVVB11
19/01/2018;94.18;IVVB11
22/01/2018;95;IVVB11
23/01/2018;96.53;IVVB11
24/01/2018;93.8;IVVB11
26/01/2018;94.69;IVVB11
29/01/2018;94.83;IVVB11
30/01/2018;94.27;IVVB11
31/01/2018;94.3;IVVB11
01/02/2018;93.91;IVVB11
02/02/2018;93.91;IVVB11
05/02/2018;91.6;IVVB11
06/02/2018;91.5;IVVB11
07/02/2018;92.6;IVVB11
08/02/2018;90.61;IVVB11
09/02/2018;89.3;IVVB11
14/02/2018;91.3;IVVB11
15/02/2018;92.6;IVVB11
16/02/2018;92.95;IVVB11
19/02/2018;93;IVVB11
20/02/2018;92.8;IVVB11
21/02/2018;92.67;IVVB11
22/02/2018;92.4;IVVB11
23/02/2018;93.45;IVVB11
26/02/2018;94.2;IVVB11
27/02/2018;93.7;IVVB11
28/02/2018;92.6;IVVB11
01/03/2018;91.6;IVVB11
02/03/2018;92.15;IVVB11
05/03/2018;92.73;IVVB11
06/03/2018;92.19;IVVB11
07/03/2018;92.97;IVVB11
08/03/2018;94;IVVB11
09/03/2018;95.35;IVVB11
12/03/2018;95.34;IVVB11
13/03/2018;94.87;IVVB11
14/03/2018;94.35;IVVB11
15/03/2018;95.15;IVVB11
16/03/2018;94.79;IVVB11
19/03/2018;93.84;IVVB11
20/03/2018;94.67;IVVB11
21/03/2018;93.45;IVVB11
22/03/2018;91.75;IVVB11
23/03/2018;89.88;IVVB11
26/03/2018;92.25;IVVB11
27/03/2018;91.28;IVVB11
28/03/2018;91.1;IVVB11
29/03/2018;91.66;IVVB11
02/04/2018;89.96;IVVB11
03/04/2018;91.6;IVVB11
04/04/2018;92.75;IVVB11
05/04/2018;93.5;IVVB11
06/04/2018;92;IVVB11
09/04/2018;93.94;IVVB11
10/04/2018;95.3;IVVB11
11/04/2018;94.09;IVVB11
12/04/2018;95.48;IVVB11
13/04/2018;95.7;IVVB11
16/04/2018;96.12;IVVB11
17/04/2018;97.14;IVVB11
18/04/2018;96.35;IVVB11
19/04/2018;96;IVVB11
20/04/2018;95.9;IVVB11
23/04/2018;96.89;IVVB11
24/04/2018;96.12;IVVB11
25/04/2018;96.82;IVVB11
26/04/2018;97.55;IVVB11
27/04/2018;97.2;IVVB11
30/04/2018;97.6;IVVB11
02/05/2018;98.5;IVVB11
03/05/2018;97.45;IVVB11
04/05/2018;98.65;IVVB11
07/05/2018;99.89;IVVB11
08/05/2018;100.43;IVVB11
09/05/2018;102.1;IVVB11
10/05/2018;101.72;IVVB11
11/05/2018;103.5;IVVB11
14/05/2018;104.2;IVVB11
15/05/2018;104.64;IVVB11
16/05/2018;105.5;IVVB11
17/05/2018;106.15;IVVB11
18/05/2018;106.85;IVVB11
21/05/2018;106.1;IVVB11
22/05/2018;104.55;IVVB11
23/05/2018;104.3;IVVB11
24/05/2018;104.86;IVVB11
25/05/2018;105.2;IVVB11
28/05/2018;107.25;IVVB11
29/05/2018;107.32;IVVB11
30/05/2018;107.37;IVVB11
01/06/2018;108.7;IVVB11
04/06/2018;108.39;IVVB11
05/06/2018;110.31;IVVB11
06/06/2018;113.25;IVVB11
07/06/2018;114.6;IVVB11
08/06/2018;108.72;IVVB11
11/06/2018;109.11;IVVB11
12/06/2018;109;IVVB11
13/06/2018;108.81;IVVB11
14/06/2018;112.05;IVVB11
15/06/2018;109.35;IVVB11
18/06/2018;110.22;IVVB11
19/06/2018;109.2;IVVB11
20/06/2018;110.6;IVVB11
21/06/2018;109.22;IVVB11
22/06/2018;110;IVVB11
25/06/2018;108.5;IVVB11
26/06/2018;109.03;IVVB11
27/06/2018;110.2;IVVB11
28/06/2018;110.54;IVVB11
29/06/2018;111;IVVB11
02/07/2018;112.35;IVVB11
03/07/2018;113.5;IVVB11
04/07/2018;112.04;IVVB11
05/07/2018;113.55;IVVB11
06/07/2018;112.7;IVVB11
10/07/2018;111.85;IVVB11
11/07/2018;113.3;IVVB11
12/07/2018;114.71;IVVB11
13/07/2018;113.7;IVVB11
16/07/2018;114.2;IVVB11
17/07/2018;114.02;IVVB11
18/07/2018;114.15;IVVB11
19/07/2018;113.65;IVVB11
20/07/2018;111.85;IVVB11
23/07/2018;111.75;IVVB11
24/07/2018;111.65;IVVB11
25/07/2018;111.35;IVVB11
26/07/2018;111.8;IVVB11
27/07/2018;110.4;IVVB11
30/07/2018;110.5;IVVB11
31/07/2018;111.58;IVVB11
01/08/2018;111.75;IVVB11
02/08/2018;112.29;IVVB11
03/08/2018;111.2;IVVB11
06/08/2018;112;IVVB11
07/08/2018;113.4;IVVB11
08/08/2018;113.45;IVVB11
09/08/2018;114.7;IVVB11
10/08/2018;115.4;IVVB11
13/08/2018;115.8;IVVB11
14/08/2018;115.8;IVVB11
15/08/2018;115.95;IVVB11
16/08/2018;117;IVVB11
17/08/2018;117.8;IVVB11
20/08/2018;119.42;IVVB11
21/08/2018;122.05;IVVB11
22/08/2018;122.61;IVVB11
23/08/2018;124.35;IVVB11
24/08/2018;124.6;IVVB11
27/08/2018;124.85;IVVB11
28/08/2018;126.12;IVVB11
29/08/2018;126.7;IVVB11
30/08/2018;127.15;IVVB11
31/08/2018;125.2;IVVB11
03/09/2018;130;IVVB11
04/09/2018;127.16;IVVB11
05/09/2018;126.35;IVVB11
06/09/2018;124.8;IVVB11
10/09/2018;124.75;IVVB11
11/09/2018;126.85;IVVB11
12/09/2018;126.7;IVVB11
13/09/2018;128.15;IVVB11
14/09/2018;128.35;IVVB11
17/09/2018;126.2;IVVB11
18/09/2018;127.33;IVVB11
19/09/2018;127.5;IVVB11
20/09/2018;126.45;IVVB11
21/09/2018;125.55;IVVB11
24/09/2018;126.35;IVVB11
25/09/2018;125.51;IVVB11
26/09/2018;123.7;IVVB11
27/09/2018;122.85;IVVB11
28/09/2018;124.1;IVVB11
01/10/2018;124.16;IVVB11
02/10/2018;121.4;IVVB11
03/10/2018;120.2;IVVB11
04/10/2018;119.54;IVVB11
05/10/2018;117.72;IVVB11
08/10/2018;115;IVVB11
09/10/2018;113.6;IVVB11
10/10/2018;111;IVVB11
11/10/2018;109.12;IVVB11
15/10/2018;109.1;IVVB11
16/10/2018;110.75;IVVB11
17/10/2018;109.45;IVVB11
18/10/2018;109.15;IVVB11
19/10/2018;108.56;IVVB11
22/10/2018;107.45;IVVB11
23/10/2018;107.2;IVVB11
24/10/2018;105.35;IVVB11
25/10/2018;106.2;IVVB11
26/10/2018;103;IVVB11
29/10/2018;104.05;IVVB11
30/10/2018;104.9;IVVB11
31/10/2018;106.95;IVVB11
01/11/2018;107.19;IVVB11
05/11/2018;108.4;IVVB11
06/11/2018;109;IVVB11
07/11/2018;111.8;IVVB11
08/11/2018;110.9;IVVB11
09/11/2018;109.25;IVVB11
12/11/2018;109.3;IVVB11
13/11/2018;110.2;IVVB11
14/11/2018;109.08;IVVB11
16/11/2018;108.52;IVVB11
19/11/2018;107.75;IVVB11
21/11/2018;107.1;IVVB11
22/11/2018;107.3;IVVB11
23/11/2018;106;IVVB11
26/11/2018;111.14;IVVB11
27/11/2018;110.05;IVVB11
28/11/2018;111.5;IVVB11
29/11/2018;112.49;IVVB11
30/11/2018;112.9;IVVB11
03/12/2018;113.42;IVVB11
04/12/2018;110.9;IVVB11
05/12/2018;112;IVVB11
06/12/2018;109.85;IVVB11
07/12/2018;109.15;IVVB11
10/12/2018;109.55;IVVB11
11/12/2018;109.55;IVVB11
12/12/2018;109.2;IVVB11
13/12/2018;109.12;IVVB11
14/12/2018;108.35;IVVB11
17/12/2018;105.67;IVVB11
18/12/2018;105.45;IVVB11
19/12/2018;104.15;IVVB11
20/12/2018;101;IVVB11
21/12/2018;100.65;IVVB11
26/12/2018;100.5;IVVB11
27/12/2018;99.65;IVVB11
28/12/2018;102.7;IVVB11
02/01/2019;100.52;IVVB11
03/01/2019;97.99;IVVB11
04/01/2019;99.7;IVVB11
07/01/2019;101.15;IVVB11
08/01/2019;101.2;IVVB11
09/01/2019;101.26;IVVB11
10/01/2019;102.01;IVVB11
11/01/2019;102;IVVB11
14/01/2019;101.8;IVVB11
15/01/2019;103;IVVB11
16/01/2019;104.15;IVVB11
17/01/2019;104.53;IVVB11
18/01/2019;105.96;IVVB11
21/01/2019;105.7;IVVB11
22/01/2019;105.45;IVVB11
23/01/2019;104.85;IVVB11
24/01/2019;105.84;IVVB11
28/01/2019;105.52;IVVB11
29/01/2019;104.09;IVVB11
30/01/2019;104.75;IVVB11
31/01/2019;104.52;IVVB11
01/02/2019;104.9;IVVB11
04/02/2019;105.68;IVVB11
05/02/2019;106.47;IVVB11
06/02/2019;107.24;IVVB11
07/02/2019;106.57;IVVB11
08/02/2019;106.8;IVVB11
11/02/2019;107.9;IVVB11
12/02/2019;108.59;IVVB11
13/02/2019;110.09;IVVB11
14/02/2019;108.92;IVVB11
15/02/2019;108.9;IVVB11
18/02/2019;109.8;IVVB11
19/02/2019;109.74;IVVB11
20/02/2019;110.25;IVVB11
21/02/2019;111.18;IVVB11
22/02/2019;110.99;IVVB11
25/02/2019;111.42;IVVB11
26/02/2019;111.45;IVVB11
27/02/2019;110.79;IVVB11
28/02/2019;111.25;IVVB11
01/03/2019;112.46;IVVB11
06/03/2019;112.85;IVVB11
07/03/2019;113.16;IVVB11
08/03/2019;112.88;IVVB11
11/03/2019;113.94;IVVB11
12/03/2019;113.47;IVVB11
13/03/2019;114;IVVB11
14/03/2019;114.99;IVVB11
15/03/2019;114.52;IVVB11
18/03/2019;114.45;IVVB11
19/03/2019;114.25;IVVB11
20/03/2019;112.44;IVVB11
21/03/2019;115.26;IVVB11
22/03/2019;116.31;IVVB11
25/03/2019;114.89;IVVB11
26/03/2019;116.08;IVVB11
27/03/2019;117.87;IVVB11
28/03/2019;116.87;IVVB11
29/03/2019;118.15;IVVB11
01/04/2019;118.18;IVVB11
02/04/2019;117.95;IVVB11
03/04/2019;118.65;IVVB11
04/04/2019;117.95;IVVB11
05/04/2019;118.99;IVVB11
08/04/2019;118.42;IVVB11
09/04/2019;118;IVVB11
10/04/2019;117.45;IVVB11
11/04/2019;118.55;IVVB11
12/04/2019;120.8;IVVB11
15/04/2019;119.6;IVVB11
16/04/2019;120.69;IVVB11
17/04/2019;121.65;IVVB11
18/04/2019;121.85;IVVB11
22/04/2019;121.82;IVVB11
23/04/2019;122.4;IVVB11
24/04/2019;124;IVVB11
25/04/2019;123.88;IVVB11
26/04/2019;122.68;IVVB11
29/04/2019;123.8;IVVB11
30/04/2019;122.85;IVVB11
02/05/2019;122.69;IVVB11
03/05/2019;123.35;IVVB11
06/05/2019;123.24;IVVB11
07/05/2019;122;IVVB11
08/05/2019;120.7;IVVB11
09/05/2019;120.93;IVVB11
10/05/2019;121.18;IVVB11
13/05/2019;119.01;IVVB11
14/05/2019;120.07;IVVB11
15/05/2019;121;IVVB11
16/05/2019;123.59;IVVB11
17/05/2019;125.91;IVVB11
20/05/2019;123.9;IVVB11
21/05/2019;123.3;IVVB11
22/05/2019;123.3;IVVB11
23/05/2019;121.74;IVVB11
24/05/2019;121.29;IVVB11
27/05/2019;121.5;IVVB11
28/05/2019;120.5;IVVB11
29/05/2019;117.77;IVVB11
30/05/2019;118.25;IVVB11
31/05/2019;115.05;IVVB11
03/06/2019;113.58;IVVB11
04/06/2019;115.1;IVVB11
05/06/2019;117.38;IVVB11
06/06/2019;117.8;IVVB11
07/06/2019;118.78;IVVB11
10/06/2019;119.61;IVVB11
11/06/2019;118.76;IVVB11
12/06/2019;118.65;IVVB11
13/06/2019;118.91;IVVB11
14/06/2019;120.09;IVVB11
17/06/2019;120.09;IVVB11
18/06/2019;120.15;IVVB11
19/06/2019;120.09;IVVB11
21/06/2019;119.77;IVVB11
24/06/2019;120.21;IVVB11
25/06/2019;119.7;IVVB11
26/06/2019;119.05;IVVB11
27/06/2019;119.29;IVVB11
28/06/2019;119.7;IVVB11
01/07/2019;121.62;IVVB11
02/07/2019;122.25;IVVB11
03/07/2019;121.07;IVVB11
04/07/2019;122.8;IVVB11
05/07/2019;122.5;IVVB11
08/07/2019;121.8;IVVB11
10/07/2019;120.5;IVVB11
11/07/2019;119.82;IVVB11
12/07/2019;120.05;IVVB11
15/07/2019;120.75;IVVB11
16/07/2019;120.39;IVVB11
17/07/2019;119.75;IVVB11
18/07/2019;119.01;IVVB11
19/07/2019;119.1;IVVB11
22/07/2019;118.99;IVVB11
23/07/2019;121.1;IVVB11
24/07/2019;121.32;IVVB11
25/07/2019;121.25;IVVB11
26/07/2019;121.8;IVVB11
29/07/2019;121.9;IVVB11
30/07/2019;120.6;IVVB11
31/07/2019;121.11;IVVB11
01/08/2019;122.05;IVVB11
02/08/2019;121.9;IVVB11
05/08/2019;119.99;IVVB11
06/08/2019;121.89;IVVB11
07/08/2019;122.45;IVVB11
08/08/2019;123.32;IVVB11
09/08/2019;122.99;IVVB11
12/08/2019;122.67;IVVB11
13/08/2019;124.23;IVVB11
14/08/2019;122.7;IVVB11
15/08/2019;121.52;IVVB11
16/08/2019;123.8;IVVB11
19/08/2019;127.11;IVVB11
20/08/2019;125.89;IVVB11
21/08/2019;127.5;IVVB11
22/08/2019;127.5;IVVB11
23/08/2019;125.63;IVVB11
26/08/2019;127.62;IVVB11
27/08/2019;127.25;IVVB11
28/08/2019;126.52;IVVB11
29/08/2019;130.5;IVVB11
30/08/2019;129.08;IVVB11
02/09/2019;129.55;IVVB11
03/09/2019;130.08;IVVB11
04/09/2019;129.27;IVVB11
05/09/2019;131.02;IVVB11
06/09/2019;129.99;IVVB11
09/09/2019;130.91;IVVB11
10/09/2019;130.27;IVVB11
11/09/2019;130.5;IVVB11
12/09/2019;130.98;IVVB11
13/09/2019;131.5;IVVB11
16/09/2019;131.31;IVVB11
17/09/2019;131.21;IVVB11
18/09/2019;131.71;IVVB11
19/09/2019;133.82;IVVB11
20/09/2019;133.08;IVVB11
23/09/2019;133.25;IVVB11
24/09/2019;132.23;IVVB11
25/09/2019;131.1;IVVB11
26/09/2019;132.75;IVVB11
27/09/2019;131.52;IVVB11
30/09/2019;132.32;IVVB11
01/10/2019;130.85;IVVB11
02/10/2019;127.71;IVVB11
03/10/2019;126.25;IVVB11
04/10/2019;127.8;IVVB11
07/10/2019;128.59;IVVB11
08/10/2019;126.03;IVVB11
09/10/2019;128.18;IVVB11
10/10/2019;129.89;IVVB11
11/10/2019;130.13;IVVB11
14/10/2019;130.7;IVVB11
15/10/2019;133.65;IVVB11
16/10/2019;132.54;IVVB11
17/10/2019;133.15;IVVB11
18/10/2019;131.4;IVVB11
21/10/2019;132.9;IVVB11
22/10/2019;130.65;IVVB11
23/10/2019;129.65;IVVB11
24/10/2019;129.9;IVVB11
25/10/2019;129.72;IVVB11
28/10/2019;129.6;IVVB11
29/10/2019;129.82;IVVB11
30/10/2019;129.99;IVVB11
31/10/2019;130;IVVB11
01/11/2019;129.93;IVVB11
04/11/2019;132.15;IVVB11
05/11/2019;131.15;IVVB11
06/11/2019;133.85;IVVB11
07/11/2019;135.6;IVVB11
08/11/2019;137.51;IVVB11
11/11/2019;137.17;IVVB11
12/11/2019;137.92;IVVB11
13/11/2019;138.53;IVVB11
14/11/2019;139.06;IVVB11
18/11/2019;140.9;IVVB11
19/11/2019;140.49;IVVB11
21/11/2019;139.75;IVVB11
22/11/2019;139.85;IVVB11
25/11/2019;141.95;IVVB11
26/11/2019;142.93;IVVB11
27/11/2019;143.95;IVVB11
28/11/2019;142.99;IVVB11
29/11/2019;143.6;IVVB11
02/12/2019;141;IVVB11
03/12/2019;139.53;IVVB11
04/12/2019;140.37;IVVB11
05/12/2019;140;IVVB11
06/12/2019;139.73;IVVB11
09/12/2019;139.45;IVVB11
10/12/2019;139.37;IVVB11
11/12/2019;138.8;IVVB11
12/12/2019;138.91;IVVB11
13/12/2019;139.72;IVVB11
16/12/2019;138.51;IVVB11
17/12/2019;139.2;IVVB11
18/12/2019;139;IVVB11
19/12/2019;138.2;IVVB11
20/12/2019;141.35;IVVB11
23/12/2019;141.55;IVVB11
26/12/2019;140.4;IVVB11
27/12/2019;140.35;IVVB11
30/12/2019;138.71;IVVB11
02/01/2020;140.6;IVVB11
03/01/2020;140.7;IVVB11
06/01/2020;141.2;IVVB11
07/01/2020;141.3;IVVB11
08/01/2020;141.55;IVVB11
09/01/2020;143.4;IVVB11
10/01/2020;143.35;IVVB11
13/01/2020;146.05;IVVB11
14/01/2020;145.44;IVVB11
15/01/2020;147.5;IVVB11
16/01/2020;148.86;IVVB11
17/01/2020;148.55;IVVB11
20/01/2020;150.7;IVVB11
21/01/2020;150.03;IVVB11
22/01/2020;148.99;IVVB11
23/01/2020;148.75;IVVB11
24/01/2020;147.82;IVVB11
27/01/2020;146.06;IVVB11
28/01/2020;147;IVVB11
29/01/2020;149;IVVB11
30/01/2020;149.89;IVVB11
31/01/2020;148.1;IVVB11
03/02/2020;147.97;IVVB11
04/02/2020;150.6;IVVB11
05/02/2020;151.5;IVVB11
06/02/2020;153.5;IVVB11
07/02/2020;153.9;IVVB11
10/02/2020;155.6;IVVB11
11/02/2020;156.15;IVVB11
12/02/2020;157.5;IVVB11
13/02/2020;157.7;IVVB11
14/02/2020;155.67;IVVB11
17/02/2020;158.98;IVVB11
18/02/2020;157.76;IVVB11
19/02/2020;158.65;IVVB11
20/02/2020;158.9;IVVB11
21/02/2020;157.25;IVVB11
26/02/2020;148.02;IVVB11
27/02/2020;143.75;IVVB11
28/02/2020;141.56;IVVB11
02/03/2020;148.63;IVVB11
03/03/2020;145.4;IVVB11
04/03/2020;154;IVVB11
05/03/2020;150.05;IVVB11
06/03/2020;147.72;IVVB11
09/03/2020;138.8;IVVB11
10/03/2020;144;IVVB11
11/03/2020;139.15;IVVB11
12/03/2020;127;IVVB11
13/03/2020;140.05;IVVB11
16/03/2020;129.22;IVVB11
17/03/2020;136.5;IVVB11
18/03/2020;133.5;IVVB11
19/03/2020;131.25;IVVB11
20/03/2020;125;IVVB11
23/03/2020;124;IVVB11
24/03/2020;135;IVVB11
25/03/2020;134.15;IVVB11
26/03/2020;141.15;IVVB11
27/03/2020;139.4;IVVB11
30/03/2020;146;IVVB11
31/03/2020;144.62;IVVB11
01/04/2020;140.5;IVVB11
02/04/2020;143.5;IVVB11
03/04/2020;143.5;IVVB11
06/04/2020;150.8;IVVB11
07/04/2020;149.65;IVVB11
08/04/2020;151.8;IVVB11
09/04/2020;152.72;IVVB11
13/04/2020;153.98;IVVB11
14/04/2020;158.55;IVVB11
15/04/2020;157.05;IVVB11
16/04/2020;160.85;IVVB11
17/04/2020;162.1;IVVB11
20/04/2020;161.2;IVVB11
22/04/2020;163.1;IVVB11
23/04/2020;166.52;IVVB11
24/04/2020;172.65;IVVB11
27/04/2020;174.97;IVVB11
28/04/2020;170.15;IVVB11
29/04/2020;168.8;IVVB11
30/04/2020;170.5;IVVB11
04/05/2020;169.2;IVVB11
05/05/2020;172.24;IVVB11
06/05/2020;174.65;IVVB11
07/05/2020;183;IVVB11
08/05/2020;180.75;IVVB11
11/05/2020;183.4;IVVB11
12/05/2020;181.2;IVVB11
13/05/2020;179.1;IVVB11
14/05/2020;178.12;IVVB11
15/05/2020;180;IVVB11
18/05/2020;182.07;IVVB11
19/05/2020;184;IVVB11
20/05/2020;182.2;IVVB11
21/05/2020;176.85;IVVB11
22/05/2020;176.75;IVVB11
25/05/2020;176;IVVB11
26/05/2020;172.15;IVVB11
27/05/2020;172.9;IVVB11
28/05/2020;175.9;IVVB11
29/05/2020;175.65;IVVB11
01/06/2020;177.15;IVVB11
02/06/2020;173.5;IVVB11
03/06/2020;171.3;IVVB11
04/06/2020;171.98;IVVB11
05/06/2020;170.9;IVVB11
08/06/2020;169;IVVB11
09/06/2020;169.15;IVVB11
10/06/2020;170.51;IVVB11
12/06/2020;165.8;IVVB11
15/06/2020;169.8;IVVB11
16/06/2020;176.2;IVVB11
17/06/2020;176.25;IVVB11
18/06/2020;180.45;IVVB11
19/06/2020;177.3;IVVB11
22/06/2020;176.75;IVVB11
23/06/2020;174.1;IVVB11
24/06/2020;175.21;IVVB11
25/06/2020;177.05;IVVB11
26/06/2020;177.3;IVVB11
29/06/2020;178.31;IVVB11
30/06/2020;181.72;IVVB11
01/07/2020;177.99;IVVB11
02/07/2020;181.24;IVVB11
03/07/2020;182;IVVB11
06/07/2020;183.45;IVVB11
07/07/2020;182.6;IVVB11
08/07/2020;182.8;IVVB11
10/07/2020;182.8;IVVB11
13/07/2020;183.37;IVVB11
14/07/2020;184.85;IVVB11
15/07/2020;187.7;IVVB11
16/07/2020;184.5;IVVB11
17/07/2020;187.25;IVVB11
20/07/2020;187.61;IVVB11
21/07/2020;183.2;IVVB11
22/07/2020;180.35;IVVB11
23/07/2020;182.12;IVVB11
24/07/2020;180.68;IVVB11
27/07/2020;179.7;IVVB11
28/07/2020;179.25;IVVB11
29/07/2020;182.22;IVVB11
30/07/2020;180.8;IVVB11
31/07/2020;183.68;IVVB11
03/08/2020;188.9;IVVB11
04/08/2020;188.05;IVVB11
05/08/2020;189.84;IVVB11
06/08/2020;192.4;IVVB11
07/08/2020;196.75;IVVB11
10/08/2020;198.39;IVVB11
11/08/2020;194.8;IVVB11
12/08/2020;198.4;IVVB11
13/08/2020;196;IVVB11
14/08/2020;197.8;IVVB11
17/08/2020;201.1;IVVB11
18/08/2020;200.34;IVVB11
19/08/2020;202.35;IVVB11
20/08/2020;203;IVVB11
21/08/2020;207;IVVB11
24/08/2020;207.3;IVVB11
25/08/2020;205.39;IVVB11
26/08/2020;211;IVVB11
27/08/2020;210.2;IVVB11
28/08/2020;205.2;IVVB11
31/08/2020;207.15;IVVB11
01/09/2020;205;IVVB11
02/09/2020;206.61;IVVB11
03/09/2020;198.01;IVVB11
04/09/2020;195.6;IVVB11
08/09/2020;192.46;IVVB11
09/09/2020;194.5;IVVB11
10/09/2020;192.4;IVVB11
11/09/2020;192.5;IVVB11
14/09/2020;192.4;IVVB11
15/09/2020;193.5;IVVB11
16/09/2020;192;IVVB11
17/09/2020;190.4;IVVB11
18/09/2020;193.8;IVVB11
21/09/2020;191.03;IVVB11
22/09/2020;195.8;IVVB11
23/09/2020;196.02;IVVB11
24/09/2020;193.02;IVVB11
25/09/2020;198;IVVB11
28/09/2020;204.5;IVVB11
29/09/2020;207.7;IVVB11
30/09/2020;203.98;IVVB11
01/10/2020;206.8;IVVB11
02/10/2020;205.4;IVVB11
05/10/2020;205.02;IVVB11
06/10/2020;203.45;IVVB11
07/10/2020;207.61;IVVB11
08/10/2020;208;IVVB11
09/10/2020;207.2;IVVB11
13/10/2020;212.4;IVVB11
14/10/2020;211.27;IVVB11
15/10/2020;211.92;IVVB11
16/10/2020;212.61;IVVB11
19/10/2020;207.86;IVVB11
20/10/2020;208.68;IVVB11
21/10/2020;208.3;IVVB11
22/10/2020;209.2;IVVB11
23/10/2020;210.5;IVVB11
26/10/2020;206.94;IVVB11
27/10/2020;208.6;IVVB11
28/10/2020;204;IVVB11
29/10/2020;206.5;IVVB11
30/10/2020;202.6;IVVB11
03/11/2020;210;IVVB11
04/11/2020;211;IVVB11
05/11/2020;210.5;IVVB11
06/11/2020;204.3;IVVB11
09/11/2020;206.2;IVVB11
10/11/2020;208.1;IVVB11
11/11/2020;210;IVVB11
12/11/2020;209.5;IVVB11
13/11/2020;212.5;IVVB11
16/11/2020;213.4;IVVB11
17/11/2020;211.01;IVVB11
18/11/2020;206.92;IVVB11
19/11/2020;205.1;IVVB11
20/11/2020;206.91;IVVB11
23/11/2020;211;IVVB11
24/11/2020;211.49;IVVB11
25/11/2020;209;IVVB11
26/11/2020;208.5;IVVB11
27/11/2020;211;IVVB11
30/11/2020;210;IVVB11
01/12/2020;207;IVVB11
02/12/2020;207.35;IVVB11
03/12/2020;205;IVVB11
04/12/2020;205.9;IVVB11
07/12/2020;203.6;IVVB11
08/12/2020;205.4;IVVB11
09/12/2020;204.7;IVVB11
10/12/2020;199.8;IVVB11
11/12/2020;200.65;IVVB11
14/12/2020;201.2;IVVB11
15/12/2020;203.2;IVVB11
16/12/2020;203.3;IVVB11
17/12/2020;203;IVVB11
18/12/2020;203.05;IVVB11
21/12/2020;204.4;IVVB11
22/12/2020;205.01;IVVB11
23/12/2020;207.32;IVVB11
28/12/2020;211.5;IVVB11
29/12/2020;210;IVVB11
30/12/2020;210.04;IVVB11
04/01/2021;210.8;IVVB11
05/01/2021;212.9;IVVB11
06/01/2021;215.02;IVVB11
07/01/2021;222.35;IVVB11
08/01/2021;224;IVVB11
11/01/2021;226.5;IVVB11
12/01/2021;219;IVVB11
13/01/2021;218.5;IVVB11
14/01/2021;214.02;IVVB11
15/01/2021;215.4;IVVB11
18/01/2021;215.14;IVVB11
19/01/2021;220.24;IVVB11
20/01/2021;221.35;IVVB11
21/01/2021;223.83;IVVB11
22/01/2021;226.9;IVVB11
26/01/2021;223.68;IVVB11
27/01/2021;219.67;IVVB11
28/01/2021;223.5;IVVB11
29/01/2021;220;IVVB11
01/02/2021;221.3;IVVB11
02/02/2021;222.23;IVVB11
03/02/2021;223;IVVB11
04/02/2021;227.6;IVVB11
05/02/2021;226.5;IVVB11
08/02/2021;227;IVVB11
09/02/2021;228;IVVB11
10/02/2021;228.3;IVVB11
11/02/2021;228.48;IVVB11
12/02/2021;229.4;IVVB11
17/02/2021;230;IVVB11
18/02/2021;229.8;IVVB11
19/02/2021;228;IVVB11
22/02/2021;229.5;IVVB11
23/02/2021;228;IVVB11
24/02/2021;230.75;IVVB11
25/02/2021;229.03;IVVB11
26/02/2021;231;IVVB11
01/03/2021;238.8;IVVB11
02/03/2021;238.4;IVVB11
03/03/2021;232.1;IVVB11
04/03/2021;231.3;IVVB11
05/03/2021;237;IVVB11
08/03/2021;243.25;IVVB11
09/03/2021;244.25;IVVB11
10/03/2021;240.68;IVVB11
11/03/2021;236.95;IVVB11
12/03/2021;237.2;IVVB11
15/03/2021;242;IVVB11
16/03/2021;241.95;IVVB11
17/03/2021;241.9;IVVB11
18/03/2021;236.9;IVVB11
19/03/2021;232.2;IVVB11
22/03/2021;236.25;IVVB11
23/03/2021;234.58;IVVB11
24/03/2021;237;IVVB11
25/03/2021;240.71;IVVB11
26/03/2021;246.8;IVVB11
29/03/2021;247.87;IVVB11
30/03/2021;247.5;IVVB11
31/03/2021;243.2;IVVB11
01/04/2021;249.4;IVVB11
05/04/2021;251.5;IVVB11
06/04/2021;247.99;IVVB11
07/04/2021;250.25;IVVB11
08/04/2021;248.5;IVVB11
09/04/2021;254;IVVB11
12/04/2021;256.54;IVVB11
13/04/2021;257.2;IVVB11
14/04/2021;254.29;IVVB11
15/04/2021;254.95;IVVB11
16/04/2021;255;IVVB11
19/04/2021;251.65;IVVB11
20/04/2021;249.8;IVVB11
22/04/2021;245.28;IVVB11
23/04/2021;249;IVVB11
26/04/2021;247.5;IVVB11
27/04/2021;248.5;IVVB11
28/04/2021;244;IVVB11
29/04/2021;244.5;IVVB11
30/04/2021;247;IVVB11
03/05/2021;247.39;IVVB11
04/05/2021;246.2;IVVB11
05/05/2021;242.5;IVVB11
06/05/2021;241.2;IVVB11
07/05/2021;240.36;IVVB11
10/05/2021;237.5;IVVB11
11/05/2021;235.9;IVVB11
12/05/2021;235;IVVB11
13/05/2021;236.35;IVVB11
14/05/2021;239;IVVB11
17/05/2021;238.9;IVVB11
18/05/2021;235.85;IVVB11
19/05/2021;237.5;IVVB11
20/05/2021;238;IVVB11
21/05/2021;242;IVVB11
24/05/2021;242.5;IVVB11
25/05/2021;242.43;IVVB11
26/05/2021;241.5;IVVB11
27/05/2021;240.6;IVVB11
28/05/2021;238.9;IVVB11
31/05/2021;238;IVVB11
01/06/2021;234.5;IVVB11
02/06/2021;232.9;IVVB11
04/06/2021;231.71;IVVB11
07/06/2021;231.46;IVVB11
08/06/2021;231.47;IVVB11
09/06/2021;232;IVVB11
10/06/2021;234.1;IVVB11
11/06/2021;237.4;IVVB11
14/06/2021;234.9;IVVB11
15/06/2021;232.9;IVVB11
16/06/2021;232.8;IVVB11
17/06/2021;230.2;IVVB11
18/06/2021;229.4;IVVB11
21/06/2021;230;IVVB11
22/06/2021;229.99;IVVB11
23/06/2021;228;IVVB11
24/06/2021;226.7;IVVB11
25/06/2021;228.6;IVVB11
28/06/2021;229.7;IVVB11
29/06/2021;229.7;IVVB11
30/06/2021;232.5;IVVB11
01/07/2021;236.2;IVVB11
02/07/2021;238.1;IVVB11
05/07/2021;239.2;IVVB11
06/07/2021;245.2;IVVB11
07/07/2021;248.95;IVVB11
08/07/2021;247;IVVB11
12/07/2021;247;IVVB11
13/07/2021;246.5;IVVB11
14/07/2021;242.21;IVVB11
15/07/2021;242.3;IVVB11
16/07/2021;241.4;IVVB11
19/07/2021;242.3;IVVB11
20/07/2021;246.39;IVVB11
21/07/2021;246.35;IVVB11
22/07/2021;248.87;IVVB11
23/07/2021;249.65;IVVB11
26/07/2021;248.98;IVVB11
27/07/2021;248.9;IVVB11
28/07/2021;244.67;IVVB11
29/07/2021;244.5;IVVB11
30/07/2021;250.35;IVVB11
02/08/2021;249;IVVB11
03/08/2021;249.8;IVVB11
04/08/2021;248.73;IVVB11
05/08/2021;251.3;IVVB11
06/08/2021;253.5;IVVB11
09/08/2021;252.73;IVVB11
10/08/2021;250.8;IVVB11
11/08/2021;253.1;IVVB11
12/08/2021;254.9;IVVB11
13/08/2021;254.89;IVVB11
16/08/2021;257;IVVB11
17/08/2021;254.55;IVVB11
18/08/2021;256.5;IVVB11
19/08/2021;260.39;IVVB11
20/08/2021;259.79;IVVB11
23/08/2021;263.09;IVVB11
24/08/2021;257.65;IVVB11
25/08/2021;254.7;IVVB11
26/08/2021;255.46;IVVB11
27/08/2021;255.45;IVVB11
30/08/2021;256;IVVB11
31/08/2021;254;IVVB11
01/09/2021;256.49;IVVB11
02/09/2021;255.2;IVVB11
03/09/2021;256.5;IVVB11
06/09/2021;256.25;IVVB11
08/09/2021;261.5;IVVB11
09/09/2021;256;IVVB11
10/09/2021;256;IVVB11
13/09/2021;252.85;IVVB11
14/09/2021;254;IVVB11
15/09/2021;255.65;IVVB11
16/09/2021;256.35;IVVB11
17/09/2021;254.52;IVVB11
20/09/2021;252.43;IVVB11
21/09/2021;249.92;IVVB11
22/09/2021;253.01;IVVB11
23/09/2021;257.2;IVVB11
24/09/2021;259;IVVB11
27/09/2021;259.4;IVVB11
28/09/2021;256.35;IVVB11
29/09/2021;256.82;IVVB11
30/09/2021;255;IVVB11
01/10/2021;251.65;IVVB11
04/10/2021;254.18;IVVB11
05/10/2021;258.7;IVVB11
06/10/2021;260.04;IVVB11
07/10/2021;263.7;IVVB11
08/10/2021;263.01;IVVB11
